{
  "id": "3395343",
  "name": "yike基础版",
  "font_family": "iconfont",
  "css_prefix_text": "icon-",
  "description": "",
  "glyphs": [
    {
      "icon_id": "918722",
      "name": "爱心",
      "font_class": "aixin1",
      "unicode": "e663",
      "unicode_decimal": 58979
    },
    {
      "icon_id": "1304889",
      "name": "添加",
      "font_class": "tianjia",
      "unicode": "e622",
      "unicode_decimal": 58914
    },
    {
      "icon_id": "1418212",
      "name": "留言",
      "font_class": "liuyan",
      "unicode": "e606",
      "unicode_decimal": 58886
    },
    {
      "icon_id": "577402",
      "name": "向右1",
      "font_class": "xiangyou",
      "unicode": "e775",
      "unicode_decimal": 59253
    },
    {
      "icon_id": "577406",
      "name": "向左1",
      "font_class": "xiangzuo",
      "unicode": "e779",
      "unicode_decimal": 59257
    },
    {
      "icon_id": "9430532",
      "name": "关  闭",
      "font_class": "guanbi",
      "unicode": "e639",
      "unicode_decimal": 58937
    },
    {
      "icon_id": "250681",
      "name": "失败报错-",
      "font_class": "error",
      "unicode": "e6c6",
      "unicode_decimal": 59078
    },
    {
      "icon_id": "250689",
      "name": "信息提示-",
      "font_class": "warning",
      "unicode": "e6ce",
      "unicode_decimal": 59086
    },
    {
      "icon_id": "250695",
      "name": "成功已解决-",
      "font_class": "success",
      "unicode": "e6d4",
      "unicode_decimal": 59092
    }
  ]
}
